{"cameraMode":{"drawMode":0,"name":"Shaded","section":"Shading Mode"},"sceneLighting":false,"audioPlay":false,"sceneViewState":{"showFog":false,"showMaterialUpdate":false,"showSkybox":false,"showFlares":true,"showImageEffects":true,"showParticleSystems":true,"showVisualEffectGraphs":true,"m_FxEnabled":true},"in2DMode":false,"pivot":{"x":0.02125149965286255,"y":0.4717785120010376,"z":0.11003899574279785},"rotation":{"x":-0.12753447890281678,"y":-0.5502973794937134,"z":0.07788967341184616,"w":-0.8227292895317078},"size":0.797985851764679,"orthographic":false}