{"cameraMode":{"drawMode":0,"name":"Shaded","section":"Shading Mode"},"sceneLighting":false,"audioPlay":false,"sceneViewState":{"showFog":false,"showMaterialUpdate":false,"showSkybox":false,"showFlares":true,"showImageEffects":true,"showParticleSystems":true,"showVisualEffectGraphs":true,"m_FxEnabled":true},"in2DMode":false,"pivot":{"x":-0.033174991607666019,"y":-0.043087005615234378,"z":-0.018666982650756837},"rotation":{"x":-0.09204921126365662,"y":-0.8864189386367798,"z":0.19824455678462983,"w":-0.40946611762046816},"size":1.14792001247406,"orthographic":false}