{"cameraMode":{"drawMode":0,"name":"Shaded","section":"Shading Mode"},"sceneLighting":false,"audioPlay":false,"sceneViewState":{"showFog":false,"showMaterialUpdate":false,"showSkybox":false,"showFlares":true,"showImageEffects":true,"showParticleSystems":true,"showVisualEffectGraphs":true,"m_FxEnabled":true},"in2DMode":false,"pivot":{"x":-0.033174991607666019,"y":-0.043087005615234378,"z":-0.018666982650756837},"rotation":{"x":-0.017841508612036706,"y":-0.9790997505187988,"z":0.09243070334196091,"w":-0.18351179361343385},"size":1.14792001247406,"orthographic":false}